{
  "logistic": {
    "default_rps": 0.17973846329272125,
    "tuned_rps": 0.174243878045593,
    "best_params": {
      "C": 99.48164341217733
    },
    "verdict": "MEJORA"
  },
  "xgb": {
    "default_rps": 0.1963386182074952,
    "tuned_rps": 0.1952008787094935,
    "best_params": {
      "n_estimators": 685,
      "max_depth": 3,
      "learning_rate": 0.013549893214181484,
      "subsample": 0.8948643955037504,
      "colsample_bytree": 0.936778532113158,
      "min_child_weight": 1,
      "reg_lambda": 0.006670440670810406
    },
    "verdict": "MEJORA"
  },
  "half_life": {
    "best": 4.0,
    "scores": {
      "1.5": 0.16457523258830223,
      "2.0": 0.16450908075254708,
      "3.0": 0.1644699105549999,
      "4.0": 0.16446657769176745,
      "6.0": 0.1644862575385323,
      "8.0": 0.16451148594408435
    },
    "production": 3.0
  }
}